과목,시험,번호,고를 수 있는 단원,그림,출제의도,문제글 앞부분
공통수학1,2018년 11월 고1,13,경우의 수|행렬|다항식|방정식과 부등식,go1x/021_13.png,,13.항공기가수평면에서일정한선회속도와선회각을유지한채360°회전하는선회비행을할때생기는원의반지름을선회반경이라한다.선회각항공기의선회
공통수학1,2018년 11월 고1,16,경우의 수|행렬|다항식|방정식과 부등식,go1x/021_16.png,,"16.2이상의세자연수p,q,r에대하여42×(42-1)×(42+6)+5×42-5=_p×_q×r일때,]p+q+r의값은?[4점]"
공통수학1,2018년 3월 고2 가형,14,경우의 수|행렬|다항식|방정식과 부등식,go2m/008_14.png,,━━━━━━━━━━━━━━━━━━━━━━━━━━━━━━━━━14.x에대한방정식(1+x)(1+x^2)(1+x^4)=x^7+x^6
공통수학1,2018년 3월 고2 나형,6,경우의 수|행렬|다항식|방정식과 부등식,go2m/009_06.png,,"6.모든실수x에대하여등식x^3-2x^2-x+14=(x+a)(x^2+bx+7)이성립할때,a+b의값은?(단,a,b는상수이다.)[3"
공통수학1,2020년 3월 고2,8,경우의 수|행렬|다항식|방정식과 부등식,go2m/005_08.png,,8곡선와직선가서로다른두점에서만나고두교점의좌표의곱이일때상수의값은3점
공통수학1,2021년 11월 고1,2,경우의 수|행렬|다항식|방정식과 부등식,go1x/012_02.png,,"2.모든실수x에대하여등식x^2+(a+1)x+4=x^2+3x+b가성립할때,a+b의값은?(단,a,b는상수이다.)[2점]"
공통수학1,2021년 11월 고1,16,경우의 수|행렬|다항식|방정식과 부등식,go1x/012_16.png,,"16.2이상의네자연수a,b,C,d에대하여(14^2+2×14)^2-18×(14^2+2×14)+45=a×b×C×d일때,a+b+C+"
공통수학1,2023년 6월 고1,14,경우의 수|행렬|다항식|방정식과 부등식,go1x/008_14.png,,━━━━━━━━━━━━━━━━━━━━━━━━━━━━━━━━14.분자사이에인력이나반발력이작용하지않고분자의크기를무시할수있는가상의기
공통수학1,2025년 6월 고1,14,경우의 수|행렬|다항식|방정식과 부등식,go1x/002_14.png,,"━━━━━━━━━━━━━━━━━━━━━━━━━━━━━━━━━14.그림과같이모든모서리의길이의합이16√2,부피가4√2,AG=2√3"
공통수학1,2025년 6월 고1,22,경우의 수|행렬|다항식|방정식과 부등식,go1x/002_22.png,,"22.등식x^2+(a+1)x+8=x^2+10x+b가모든실수x에대하여항상성립할때,a+b의값을구하시오.(단,a,b는상수이다.)[3"
공통수학1,2025년 6월 고1,24,경우의 수|행렬|다항식|방정식과 부등식,go1x/002_24.png,,"3_32724.k-=6일때,k-의값을구하시오.[3점]k_k^3"
공통수학1,2025년 6월 고1,25,경우의 수|행렬|다항식|방정식과 부등식,go1x/002_25.png,,"√-4a√-32√4a25.a가음수일때,-의값을구하시오.√a√-4√2√-a[3점━━━━━━━━━━━━━━━━━━━━━━━━━━━"
공통수학1,2025년 9월 고1,7,경우의 수|행렬|다항식|방정식과 부등식,go1x/001_07.png,,"7.한개의주사위를두번던져서나오는눈의수를차례로a,b라하자.a^2+b≤6을만족시키는a,b의모든순서쌍(a,b)의개수는?[3점]"
공통수학2,18학년도 9월 나형,7,집합과 명제|함수와 그래프|도형의 방정식,suneung/081_07.png,,"17.닫힌구간[2,4]에서함수y=+3의최댓값은?[3점]x-1"
공통수학2,2018년 11월 고2 나형,5,집합과 명제|함수와 그래프|도형의 방정식,go2x/025_05.png,,5.함수f(x)=x-2에대하여f-^1(0)의값은?[3점]
공통수학2,2018년 3월 고2 가형,26,집합과 명제|함수와 그래프|도형의 방정식,go2m/008_26.png,,━━━━━━━━━━━━━━━━━━━━━━━━━━━━━━━━━26.어느인기그룹의공연을준비하고있는기획사는다음과같은조건으로총1500
공통수학2,2018년 3월 고2 나형,11,집합과 명제|함수와 그래프|도형의 방정식,go2m/009_11.png,,"━━━━━━━━━━━━━━━━━━━━━━━━━━━━━━━11.실수x에대한두조건_p:|x-a|≤1,_q:x^2-2x-8>0에대하"
공통수학2,2018년 3월 고2 나형,14,집합과 명제|함수와 그래프|도형의 방정식,go2m/009_14.png,,━━━━━━━━━━━━━━━━━━━━━━━━━━━━━━━━14.2018평창동계올림픽대회및동계패럴림픽대회자원봉사포털사이트에접속한
공통수학2,2018년 6월 고1,10,집합과 명제|함수와 그래프|도형의 방정식,go1x/023_10.png,,"10.밑면의반지름의길이가r,높이가h인원기둥모양의용기에대하여r+2h=8,r^2-2h^2=8일때,이용기의부피는?(단,용기의두께는무"
공통수학2,2018년 6월 고2 가형,11,집합과 명제|함수와 그래프|도형의 방정식,go2x/028_11.png,,━━━━━━━━━━━━━━━━━━━━━━━━━━━━━━━11.어느학급전체학생30명이있다.이학급의학생들중방과후수업으로수학을신청한
공통수학2,2018년 9월 고1,18,집합과 명제|함수와 그래프|도형의 방정식,go1x/022_18.png,,18.그림과같이어느행사장에서바닥면이등변사다리꼴이되도록무대위에3개의직사각형모양의스크린을설치하려고한다.ABCD양옆스크린의하단과중앙
공통수학2,2018년 9월 고2 나형,24,집합과 명제|함수와 그래프|도형의 방정식,go2x/027_24.png,,24.함수f(x)=3x-7에대하여f-^1(5)의값을구하시오.[3점
공통수학2,2019년 3월 고2 가형,9,집합과 명제|함수와 그래프|도형의 방정식,go2m/006_09.png,,━━━━━━━━━━━━━━━━━━━━━━━━━━━━━━━9.함수f(x)=√2x-4+3에대하여f-^1(5)의값은?[3점]
공통수학2,2021년 3월 고2,29,집합과 명제|함수와 그래프|도형의 방정식,go2m/004_29.png,조건을 만족시키는 원 위의 점의 위치 를 추론한다,"29.원(x-a)^2+(_y+a)^2=9a^2(a>0)과x축이만나는두점을각각A,B라하자.삼각형ABP의넓이가8√2가되도록하는원위"
공통수학2,2022년 3월 고2,2,집합과 명제|함수와 그래프|도형의 방정식,go2m/003_02.png,조건의 부정을 이해한다,2.실수x에대한조건‘x는1보다크다.′의부정은?[2점]
공통수학2,2022년 6월 고1,7,집합과 명제|함수와 그래프|도형의 방정식,go1x/011_07.png,방정식을 활용하여 실생활 문제 해결하기,"7.어느가족이작년까지한변의길이가10m인정사각형모양의밭을가꾸었다.올해는그림과같이가로의길이를xm만큼,세로의길이를(x-10)m만큼늘"
공통수학2,2024년 6월 고1,19,집합과 명제|함수와 그래프|도형의 방정식,go1x/005_19.png,,"19.그림과같이길이가2a인선분AB를지름으로하는반원이있다.호AB위의두점C,D가AC=CD=a-1,BD=83^1을만족시킬때,a-의값"
기하,2018년 3월 고2 가형,28,벡터|공간도형과 공간좌표|이차곡선,go2m/008_28.png,,━━━━━━━━━━━━━━━━━━━━━━━━━━━━━━━━━28.그림과같이좌표평면위에제1사분면의점A와y축위의점B에대하여AB=A
기하,22학년도 수능 기하,25,벡터|공간도형과 공간좌표|이차곡선,suneung/051_25.png,,"25.좌표평면에서두직선x+1_y-5=_y-3,x-2=23가이루는예각의크기를θ라할때,cosθ의값은?[3점]1√5√6√7√2"
기하,22학년도 수능 기하,27,벡터|공간도형과 공간좌표|이차곡선,suneung/051_27.png,,"27.그림과같이한모서리의길이가4인정육면체ABCD-EFGH가있다.선분AD의중점을M이라할때,삼각형MEG의넓이는?[3점]212325"
기하,23학년도 6월 기하,25,벡터|공간도형과 공간좌표|이차곡선,suneung/047_25.png,좌표평면에서 두 직선의,"25.좌표평면에서두직선x-3_y-52-_y=,x-1=433가이루는예각의크기를θ라할때,cosθ의값은?[3점]√11√101√2√7"
기하,27학년도 9월 기하,26,벡터|공간도형과 공간좌표|이차곡선,n2709mp/003_26.png,,"26.그림과같이밑면의지름의길이가6,높이가3인원기둥이있다.선분AB는이원기둥의한밑면의지름이고,C,D는다른밑면의둘레위의서로다른두점이"
대수,18학년도 수능 가형,5,수열|삼각함수|지수함수와 로그함수,suneung/078_05.png,,"x-1(3)15.닫힌구간[1,3]에서함수f(x)=1+의최댓값은?[3점]578"
대수,2018년 11월 고2 가형,23,수열|삼각함수|지수함수와 로그함수,go2x/024_23.png,,"x-5(3)123.닫힌구간[1,5]에서함수f(x)=의최댓값을구하시오.[3점]"
대수,2018년 11월 고2 나형,22,수열|삼각함수|지수함수와 로그함수,go2x/025_22.png,,"22.lo_(g2)a=3일때,양수a의값을구하시오.[3점]]"
대수,2018년 3월 고2 가형,3,수열|삼각함수|지수함수와 로그함수,go2m/008_03.png,,13.lo_(g2)8+lo_(g2)의값은?[2점]2
대수,2018년 3월 고3 나형,12,수열|삼각함수|지수함수와 로그함수,go3/103_12.png,,━━━━━━━━━━━━━━━━━━━━━━━━━━━━━━━━━?12.^(1+2)의값은?[3점]lo_(g4)18lo_(g9)18]
대수,2018년 9월 고2 가형,22,수열|삼각함수|지수함수와 로그함수,go2x/026_22.png,,122.lo_(g5)50+lo_(g5)의값을구하시오.[3점]2]
대수,2018년 9월 고2 나형,4,수열|삼각함수|지수함수와 로그함수,go2x/027_04.png,,14.lo_(g7)49+lo_(g7)의값은?[3점]7?
대수,2019년 3월 고3 나형,1,수열|삼각함수|지수함수와 로그함수,go3/095_01.png,,1.lo_(g6)2+lo_(g6)3의값은?[2점]
대수,2019년 3월 고3 나형,10,수열|삼각함수|지수함수와 로그함수,go3/095_10.png,,"━━━━━━━━━━━━━━━━━━━━━━━━━━━━━━━━━10.lo_g1·44=a일때,2lo_g12를a로나타낸것은?[3점]"
대수,2019년 6월 고2 나형,13,수열|삼각함수|지수함수와 로그함수,go2x/023_13.png,,x^2-4x+113.함수f(x)=((1)/(5))은x=a에서최댓값M을갖는다.a+M의값은?[3점]
대수,2020년 3월 고3 나형,22,수열|삼각함수|지수함수와 로그함수,go3/087_22.png,자연수의 거듭제곱의 합을 계산하여 값 을 구한다,22의값을구하시오3점
대수,2020년 4월 고3 가형,13,수열|삼각함수|지수함수와 로그함수,go3/084_13.png,,의값은3점
대수,2020년 4월 고3 가형,16,수열|삼각함수|지수함수와 로그함수,go3/084_16.png,,두함수fxgx가있다정수k에대하여를만족시키는자연수n의개수를hk라할때h0h3의값은4점
대수,2020년 4월 고3 나형,15,수열|삼각함수|지수함수와 로그함수,go3/085_15.png,,두함수의주기가서로같을때양수a의값은4점
대수,2020년 4월 고3 나형,17,수열|삼각함수|지수함수와 로그함수,go3/085_17.png,,그림과같이길이가12인선분ab를지름으로하는반원의호ab위에점c가있다호cb의길이가2파이일때두선분abac와호cb로둘러싸인부분의넓이는4
대수,2020년 6월 고2,7,수열|삼각함수|지수함수와 로그함수,go2x/017_07.png,,2x(3)17.-1≤x≤2에서함수f(x)=2+의최댓값은?[3점]
대수,2021년 11월 고2,2,수열|삼각함수|지수함수와 로그함수,go2x/012_02.png,,2.lo_(g3)18-lo_(g3)2의값은?[2점]
대수,2021년 11월 고2,5,수열|삼각함수|지수함수와 로그함수,go2x/012_05.png,,x-7(3)15.부등식≥9를만족시키는모든자연수x의개수는?[3점
대수,2021년 11월 고2,9,수열|삼각함수|지수함수와 로그함수,go2x/012_09.png,,"(2)_1x-a9.닫힌구간[1,3]에서정의된함수f(x)=+1의최댓값이5일때,함수f(x)의최솟값은?(단,a는상수이다.)[3점]3"
대수,2023년 4월 고3 공통,1,수열|삼각함수|지수함수와 로그함수,go3/040_01.png,로의 성질을 이용하여 계산하기,21.lo_(g6)4+의값은?[2점]lo_(g3)6
대수,2024년 10월 고2,16,수열|삼각함수|지수함수와 로그함수,go2x/003_16.png,,"16.1보다크고100보다작은두자연수m,n이(m)4lo_(gn)4×+lo_(g2)n=8lo_g2을만족시킬때,m+n의최댓값은?[4"
대수,2024년 6월 고2,28,수열|삼각함수|지수함수와 로그함수,go2x/005_28.png,,"━━━━━━━━━━━━━━━━━━━━━━━━━━━━━━━━28.두양수a,b에대하여x≥0에서정의된함수f(x)는(a(4-x^2)("
대수,2025년 6월 고2,10,수열|삼각함수|지수함수와 로그함수,go2x/002_10.png,,"━━━━━━━━━━━━━━━━━━━━━━━━━━━━━━━━━10.함수y=2-^(x+a)+a의역함수의그래프가점(a+1,1)을지날"
대수,21학년도 수능 가형,1,수열|삼각함수|지수함수와 로그함수,suneung/060_01.png,,의값은2점
대수,21학년도 수능 가형,27,수열|삼각함수|지수함수와 로그함수,suneung/060_27.png,,의값이40이하의자연수가되도록하는자연수n의개수를구하시오4점
대수,21학년도 수능 나형,1,수열|삼각함수|지수함수와 로그함수,suneung/061_01.png,,의값은2점
대수,21학년도 수능 나형,4,수열|삼각함수|지수함수와 로그함수,suneung/061_04.png,,함수의최댓값은3점
대수,21학년도 수능 나형,16,수열|삼각함수|지수함수와 로그함수,suneung/061_16.png,,일때방정식의모든해의합은4점
대수,21학년도 수능 나형,24,수열|삼각함수|지수함수와 로그함수,suneung/061_24.png,,의값을구하시오3점
대수,27학년도 9월 공통,1,수열|삼각함수|지수함수와 로그함수,n2709mp/000_01.png,,31-221.2×4의값은?[2점]11--122
대수,27학년도 9월 공통,10,수열|삼각함수|지수함수와 로그함수,n2709mp/000_10.png,,"10.상수a(a>1)에대하여직선y=7이두곡선x1xy=16a,y=4a과만나는점을각각A,B라하자.AB=4일때,a의값은?[4점]"
미적분Ⅰ,17학년도 6월 나형,28,함수의 극한과 연속|적분|미분,suneung/089_28.png,주어진 구간에서 삼차함,"28.양수a에대하여함수_f(x)=x^3+ax^2-a^2x+2가14닫힌구간[-a,a]에서최댓값M,최솟값를갖는다.27a+M의값을구"
미적분Ⅰ,17학년도 수능 가형,10,함수의 극한과 연속|적분|미분,suneung/084_10.png,,"10.좌표평면위를움직이는점P의시각t(t>0)에서의위치(x,y)가21x=t-,_y=2t+tt이다.시각t=1에서점P의속력은?[3점"
미적분Ⅰ,18학년도 6월 나형,17,함수의 극한과 연속|적분|미분,suneung/083_17.png,수직선 위를 움직이는,"17.수직선위를움직이는점P의시각t(t>0)에서의위치x가x=t^3-12t+k(k는상수)이다.점P의운동방향이원점에서바뀔때,k의값은"
미적분Ⅰ,2018년 11월 고2 나형,12,함수의 극한과 연속|적분|미분,go2x/025_12.png,,"12.함수_f(x)=x^3-6x^2+9x+1이x=α에서극댓값M을가질때,α+M의값은?[3점]"
미적분Ⅰ,2018년 3월 고2 가형,8,함수의 극한과 연속|적분|미분,go2m/008_08.png,,8.x에대한이차방정식(a^2-9)x^2=a+3이서로다른두실근을갖도록하는10보다작은자연수a의개수는?[3점]
미적분Ⅰ,2018년 9월 고2 가형,30,함수의 극한과 연속|적분|미분,go2x/026_30.png,,"30.최고차항의계수의부호가서로다른두삼차다항식고f(x),g(x)가는(|_g(x)-4x-26(x≤a)|f(x)|={|)_g(x)+"
미적분Ⅰ,2019년 3월 고2 나형,16,함수의 극한과 연속|적분|미분,go2m/007_16.png,점의 이동 및 두 직선의 위치 관계와 관련된 문제를 해결한다,"━━━━━━━━━━━━━━━━━━━━━━━━━━━━━━━━16.좌표평면에두점A(-3,1),B(1,k)가있다.점A를y축에대하여대"
미적분Ⅰ,2019년 3월 고2 나형,17,함수의 극한과 연속|적분|미분,go2m/007_17.png,원과 직선의 위치 관계와 관련된 문제 를 해결한다,━━━━━━━━━━━━━━━━━━━━━━━━━━━━━━━17.좌표평면에서원C:x^2+_y^2-4x-2a_y+a^2-9=0이다음
미적분Ⅰ,2020년 4월 고3 나형,7,함수의 극한과 연속|적분|미분,go3/085_07.png,,함수yfx의그래프가그림과같다의값은3점
미적분Ⅰ,2020년 4월 고3 나형,14,함수의 극한과 연속|적분|미분,go3/085_14.png,,다항함수fx가을만족시킬때f0의값은4점
미적분Ⅰ,2020년 4월 고3 나형,16,함수의 극한과 연속|적분|미분,go3/085_16.png,,다항함수fx가모든실수x에대하여를만족시킬때f1의값은4점
미적분Ⅰ,2020년 6월 고2,15,함수의 극한과 연속|적분|미분,go2x/017_15.png,삼각함수의 그래프와 직선의 위치 관계 를 찾는 문제 해결하기,━━━━━━━━━━━━━━━━━━━━━━━━━━━━━━━15.0≤x≤2에서함수_y=tanπx의그래프와10직선y=-x+n이서로다
미적분Ⅰ,2021년 3월 고3 공통,8,함수의 극한과 연속|적분|미분,go3/076_08.png,함수의 그래프를 이용하여 방정식에 대한 문제를 해결한다,"8.곡선_y=x^3-3x^2-9x와직선_y=k가서로다른세점에서만나도록하는정수k의최댓값을M,최솟값을m이라할때,M-m의값은?[3점"
미적분Ⅰ,2021년 4월 고3 공통,12,함수의 극한과 연속|적분|미분,go3/072_12.png,,"12.닫힌구간[0,3]에서함수_f(x)=x^3-6x^2+9x+a의최댓값이12일때,상수a의값은?[4점]"
미적분Ⅰ,2022년 3월 고3 공통,19,함수의 극한과 연속|적분|미분,go3/060_19.png,함수의 그래프를 이용하여 실수의 최솟 값을 구하는 문제를 해결한다,19.모든실수x에대하여부등식3x^4-4x^3-12x^2+k≥0이항상성립하도록하는실수k의최솟값을구하시오.[3점]
미적분Ⅰ,2025년 3월 고3 공통,11,함수의 극한과 연속|적분|미분,go3/012_11.png,함수의 극솟값을 이해하여 함숫값을 구 한다,"11.0이아닌실수a에대하여함수f(x)를_f(x)=x^3+3ax^2+4a라하자.함수f(x)의극솟값이-40일때,f(2)의값은?[4"
미적분Ⅰ,2025년 6월 고2,13,함수의 극한과 연속|적분|미분,go2x/002_13.png,,"13.^π<t<π인실수t에대하여이차방정식25x^2+x+k=0(k는상수)가두실근sint,cost를가질때,k×tant의값은?[3점"
미적분Ⅰ,20학년도 6월 나형,30,함수의 극한과 연속|적분|미분,suneung/071_30.png,조건을 만족시키는 유리,30.최고차항의계수가1이고f(2)=3인삼차함수f(x)에대하여함수(ax-9|(x<1)g(x)={^(x-1)|)f(x)(x≥1)이
미적분Ⅰ,21학년도 수능 가형,7,함수의 극한과 연속|적분|미분,suneung/060_07.png,,함수fx의극댓값과극솟값을각각ab라할때ab의값은3점
미적분Ⅰ,21학년도 수능 나형,3,함수의 극한과 연속|적분|미분,suneung/061_03.png,,의값은2점
미적분Ⅰ,21학년도 수능 나형,6,함수의 극한과 연속|적분|미분,suneung/061_06.png,,함수에대하여f2의값은3점
미적분Ⅰ,21학년도 수능 나형,17,함수의 극한과 연속|적분|미분,suneung/061_17.png,,두다항함수fxgx가를만족시킨다함수hx에대하여h0의값은4점
미적분Ⅰ,21학년도 수능 나형,23,함수의 극한과 연속|적분|미분,suneung/061_23.png,,함수fx에대하여이고일때f1의값을구하시오3점
미적분Ⅰ,21학년도 수능 나형,25,함수의 극한과 연속|적분|미분,suneung/061_25.png,,곡선과직선yk가만나는점의개수가2가되도록하는양수k의값을구하시오3점
미적분Ⅰ,22학년도 6월 공통,15,함수의 극한과 연속|적분|미분,suneung/056_15.png,,15.-1≤t≤1인실수t에대하여x에대한방정식(sin(πx)/(2)-t)(cos(πx)/(2)-t)=0의실근중에서집합{x|0≤x
미적분Ⅰ,22학년도 6월 공통,21,함수의 극한과 연속|적분|미분,suneung/056_21.png,,21.다음조건을만족시키는최고차항의계수가1인이차함수f(x)가존재하도록하는모든자연수n의값의합을구하시오.[4점](가)x에대한방정식(
미적분Ⅰ,22학년도 수능 공통,6,함수의 극한과 연속|적분|미분,suneung/048_06.png,,6.방정식2x^3-3x^2-12x+k=0이서로다른세실근을갖도록하는정수k의개수는?[3점]
미적분Ⅰ,23학년도 9월 공통,19,함수의 극한과 연속|적분|미분,suneung/040_19.png,사차방정식이 서로 다른,19.방정식3x^4-4x^3-12x^2+k=0이서로다른4개의실근을갖도록하는자연수k의개수를구하시오.[3점]
미적분Ⅰ,25학년도 수능 공통,19,함수의 극한과 연속|적분|미분,suneung/012_19.png,삼차함수의 극댓값을 구,"19.양수a에대하여함수f(x)를_f(x)=2x^3-3ax^2-12a^2x7라하자.함수f(x)의극댓값이일때,f(3)의값을27구하"
미적분Ⅰ,26학년도 6월 공통,19,함수의 극한과 연속|적분|미분,suneung/008_19.png,함수의 그래프를 이용하,"19.상수a에대하여함수f(x)=3x^3-9x^2+a의극댓값이20일때,함수f(x)의극솟값을구하시오.[3점]"
미적분Ⅰ,26학년도 6월 공통,20,함수의 극한과 연속|적분|미분,suneung/008_20.png,주기함수를 이해하고 등,"20.실수전체의집합에서정의된함수f(x)가다음조건을만족시킨다.0≤x<4일때_f(x)=-x^2+4x이고,모든실수x에대하여f(x+4"
미적분Ⅰ,26학년도 9월 공통,19,함수의 극한과 연속|적분|미분,suneung/004_19.png,삼차함수의 극댓값을 구,"19.함수_f(x)=2x^3-3ax^2+5a의극솟값이a일때,함수f(x)의극댓값을구하시오.(단,a는상수이다.)[3점]"
미적분Ⅰ,26학년도 수능 공통,19,함수의 극한과 연속|적분|미분,suneung/000_19.png,함수의 최댓값과 최솟값,19.-2≤x≤2인모든실수x에대하여부등식-k≤2x^3+3x^2-12x-8≤k가성립하도록하는양수k의최솟값을구하시오.[3점]
미적분Ⅰ,27학년도 9월 공통,2,함수의 극한과 연속|적분|미분,n2709mp/000_02.png,,2.함수f(x)=2x^3-x-4에대하여l_xi_→m_2f(xx)--f2(2)의값은?[2점]
미적분Ⅰ,27학년도 9월 공통,19,함수의 극한과 연속|적분|미분,n2709mp/000_19.png,,"19.기울기가8이고y절편이양수인직선이32곡선y=x-3x-x+2에접할때,이직선은점(1,k)를지난다.k의값을구하시오.[3점]"
미적분Ⅱ,17학년도 수능 가형,25,적분법|수열의 극한|미분법,suneung/084_25.png,,"25.0<x<2π일때,방정식cos^2x-sinx=1의모든실근의합은^qπ이다.p+q의값을구하시오.(단,p,q는서로소인p자연수이다"
미적분Ⅱ,18학년도 6월 가형,16,적분법|수열의 극한|미분법,suneung/082_16.png,함수의 그래프를 이용하,16.실수k에대하여함수f(x)는(|x^2+k(x≤2)f(x)={|)ln(x-2)(x>2)이다.실수t에대하여직선y=x+t와함수y
미적분Ⅱ,2018년 11월 고2 가형,13,적분법|수열의 극한|미분법,go2x/024_13.png,,"13.두등비수열{a_n},{b_n}에대하여a_1=b_1=1이고∞∞∞Σa_n=4,Σb_n=2일때,Σa_nb_n의값은?[3점]n="
미적분Ⅱ,2018년 7월 고3 가형,27,적분법|수열의 극한|미분법,go3/098_27.png,도함수를 활용하여 문제해결하기,"27.원x^2+y^2=1위의임의의점P와곡선y=√x-3위의임의의점Q에대하여PQ의최솟값은√a-b이다.자연수a,b에대하여a^2+b^"
미적분Ⅱ,2019년 3월 고3 가형,11,적분법|수열의 극한|미분법,go3/094_11.png,,"━━━━━━━━━━━━━━━━━━━━━━━━━━━━━━━11.함수_f(x)=tan(πx^2+ax)가x=^1에서극솟값k를가질때,"
미적분Ⅱ,2019년 3월 고3 가형,13,적분법|수열의 극한|미분법,go3/094_13.png,,━━━━━━━━━━━━━━━━━━━━━━━━━━━━━━━13.0≤x≤π에서정의된함수(|2cosxtanx+a(x≠(π)/(2))
미적분Ⅱ,2021년 10월 고3 미적,25,적분법|수열의 극한|미분법,go3/066_25.png,미분법을 이용하여 평면 위를 움직이는 점의 속력을 구한다,"25.좌표평면위를움직이는점P의시각t(t>2)에서의위치(x,y)가4tx=tlnt,_y=lnt이다.시각t=e^2에서점P의속력은?["
미적분Ⅱ,2021년 4월 고3 미적,29,적분법|수열의 극한|미분법,go3/074_29.png,삼각함수의 덧셈정리를 이용하여 추론 하기,"229.그림과같이∠BAC=π이고AB>AC인삼각형ABC가3있다.BD=CD인선분AB위의점D에대하여_27+√21∠CBD=α,∠ACD"
미적분Ⅱ,2021년 7월 고3 미적,23,적분법|수열의 극한|미분법,go3/070_23.png,삼각함수 계산하기,"π√523.0<θ<인θ에대하여sinθ=일때,secθ의25값은?[2점]√53√55√53√5"
미적분Ⅱ,2022년 4월 고3 미적,24,적분법|수열의 극한|미분법,go3/058_24.png,삼각함수 이해하기,"√10224.secθ=일때,sinθ의값은?[3점]313113"
미적분Ⅱ,2022년 4월 고3 미적,29,적분법|수열의 극한|미분법,go3/058_29.png,,"29.그림과같이좌표평면위의제2사분면에있는점A를지나고기울기가각각m_1,m_2(0<m_1<m_2<1)인두직선을l_1,l_2라하고,"
미적분Ⅱ,2024년 7월 고3 미적,26,적분법|수열의 극한|미분법,go3/022_26.png,삼각함수의 덧셈정리 이해하기,π26.그림과같이AB=BC=1이고∠ABC=인2삼각형ABC가있다.선분AB위의점D와선분BC위의점E가AD=2BE(0<AD<1)을만족
미적분Ⅱ,2025년 7월 고3 미적,29,적분법|수열의 극한|미분법,go3/006_29.png,,29.첫째항이자연수이고공비가-(1)/(2)인등비수열{a_n}이∞Σ(|a_n+1|-a_n-1)=26n=1∞을만족시킨다.Σa_n의
미적분Ⅱ,20학년도 6월 가형,15,적분법|수열의 극한|미분법,suneung/070_15.png,평면위의 운동에서의 속,"15.좌표평면위를움직이는점P의시각t(t>0)에서의위치(x,y)가x=2√t+1,_y=t-ln(t+1)이다.점P의속력의최솟값은?["
미적분Ⅱ,20학년도 9월 가형,11,적분법|수열의 극한|미분법,suneung/068_11.png,함수의 극댓값과 극솟값,"11.함수f(x)=(x^2-3)e-^x의극댓값과극솟값을각각a,b라할때,a×b의값은?[3점]_2121212"
미적분Ⅱ,21학년도 6월 가형,10,적분법|수열의 극한|미분법,suneung/064_10.png,연속함수의 성질을 알고,"10.실수전체의집합에서연속인함수f(x)가모든실수x에대하여(e^(2x)-1)^2_f(x)=a-4_(cos)^πx2를만족시킬때,a"
미적분Ⅱ,21학년도 9월 가형,30,적분법|수열의 극한|미분법,suneung/062_30.png,미분을 활용하여 접선,"30.다음조건을만족시키는실수a,b에대하여ab의최댓값을M,최솟값을m이라하자.모든실수x에대하여부등식-e-^(x+1)≤ax+b≤e^"
미적분Ⅱ,21학년도 수능 가형,2,적분법|수열의 극한|미분법,suneung/060_02.png,,의값은2점
미적분Ⅱ,21학년도 수능 가형,11,적분법|수열의 극한|미분법,suneung/060_11.png,,의값은3점
미적분Ⅱ,21학년도 수능 가형,18,적분법|수열의 극한|미분법,suneung/060_18.png,,실수a에대하여함수fx를라하자가되도록하는모든a의값의합은4점
미적분Ⅱ,21학년도 수능 가형,23,적분법|수열의 극한|미분법,suneung/060_23.png,,함수fx에대하여f0의값을구하시오3점
미적분Ⅱ,22학년도 9월 미적,24,적분법|수열의 극한|미분법,suneung/054_24.png,삼각함수의 덧셈정리를,"24.2cosα=3sinα이고tan(α+_β)=1일때,tan_β의값은?[3점]11111"
미적분Ⅱ,22학년도 9월 미적,29,적분법|수열의 극한|미분법,suneung/054_29.png,"함수의 극대, 극소 및 함",29.이차함수f(x)에대하여함수g(x)={f(x)+2}e^f(^x)이다음조건을만족시킨다.(가)f(a)=6인a에대하여g(x)는x
미적분Ⅱ,22학년도 수능 미적,25,적분법|수열의 극한|미분법,suneung/050_25.png,,"25.등비수열{a_n}에대하여∞∞Σ(^a2n-1-^a2n)=^3,Σ^an^2=^6n=1n=1∞일때,Σa_n의값은?[3점]n=1"
미적분Ⅱ,24학년도 9월 미적,26,적분법|수열의 극한|미분법,suneung/030_26.png,공간도형에 공간좌표를,"26.공차가양수인등차수열{an}과등비수열{bn}에대하여a_1=b_1=1,a_2b_2=1이고()^∞1Σ+b_n=2n=1^an^a"
미적분Ⅱ,24학년도 9월 미적,27,적분법|수열의 극한|미분법,suneung/030_27.png,포물선의 성질을 이용하,27.x=-ln4에서x=1까지의곡선_y=^1(|e^x-1|-e|^x|+1)의2길이는?[3점]23132935
미적분Ⅱ,25학년도 9월 미적,29,적분법|수열의 극한|미분법,suneung/018_29.png,조건을 만족시키는 쌍곡,"29.수열{an}의첫째항부터제m항까지의합을Sm이라하자.모든자연수m에대하여^∞m+1^Sm=Σ_n=1n(n+m+1)일때,a_1+a"
미적분Ⅱ,26학년도 6월 미적,29,적분법|수열의 극한|미분법,suneung/010_29.png,쌍곡선의 정의와 도형의,"29.두정수α,β(α>β)에대하여다음조건을만족시키는수열{an}이있다.모든자연수n에대하여nna_n=α×sinπ+_β×cosπ22"
미적분Ⅱ,26학년도 수능 미적,29,적분법|수열의 극한|미분법,suneung/002_29.png,조건을 만족시키는 등차,"29.첫째항과공차가같은등차수열{an}과등비수열{bn}이다음조건을만족시킨다.어떤자연수k에대하여1b_(k+i)=-1(i=1,2,3"
미적분Ⅱ,27학년도 6월 미적,25,적분법|수열의 극한|미분법,n2706mp/002_25.png,등차수열의 일반항을 구,"25.공차가3인두등차수열{an},{bn}의첫째항이^∞1각각4,7일때,Σ의값은?[3점]n=1^an^bn11115"
미적분Ⅱ,27학년도 6월 미적,27,적분법|수열의 극한|미분법,n2706mp/002_27.png,좌표평면 위를 움직이,"27.좌표평면위를움직이는점P가있다.(22)π3π시각이t<t<일때점P의위치(x,y)가x=at+tant,_y=1+sect3π이다."
확통,18학년도 수능 가형,6,통계|확률|경우의 수,suneung/078_06.png,,8(x)^246.x+의전개식에서x의계수는?[3점]
확통,18학년도 수능 가형,22,통계|확률|경우의 수,suneung/078_22.png,,22.5C_3의값을구하시오.[3점]
확통,18학년도 수능 나형,12,통계|확률|경우의 수,suneung/079_12.png,,8(x)^2412.x+의전개식에서x의계수는?[3점]
확통,18학년도 수능 나형,22,통계|확률|경우의 수,suneung/079_22.png,,22.5C_3의값을구하시오.[3점]
확통,19학년도 9월 나형,21,통계|확률|경우의 수,suneung/075_21.png,사차함수의 그래프의 특,21.사차함수f(x)=x^4+ax^2+b에대하여x≥0에서정의된함수g(x)=∫-_x^(2x){f(t)-|f(t)|}dt가다음조건
확통,2018년 10월 고3 나형,22,통계|확률|경우의 수,go3/097_22.png,,22.4P_(2+4)∏_2의값을구하시오.[3점]
확통,2018년 9월 고2 가형,19,통계|확률|경우의 수,go2x/026_19.png,,"19.2이상의자연수n에대하여좌표평면위의두원C_1:x^2+_y^2=(n-1)^2,C_2:(x-n)^2+_y^2=n^2이만나는서로"
확통,2020년 4월 고3 나형,12,통계|확률|경우의 수,go3/085_12.png,,방정식을만족시키는자연수xyzw의모든순서쌍xyzw의개수는3점
확통,2021년 4월 고3 확통,27,통계|확률|경우의 수,go3/073_27.png,,"n27.자연수n에대하여f(n)=Σ_(2n+1)C_(2k)일때,f(n)=1023을k=1만족시키는n의값은?[3점]"
확통,2021년 4월 고3 확통,30,통계|확률|경우의 수,go3/073_30.png,,"30.다음조건을만족시키는14이하의네자연수x_1,x_2,x_3,x_4의모든순서쌍(x_1,x_2,x_3,x_4)의개수를구하시오.["
확통,2022년 7월 고3 확통,23,통계|확률|경우의 수,go3/053_23.png,벡터의 평행 계산하기,23.다항식(4x+1)^6의전개식에서x의계수는?[2점]
확통,2022년 7월 고3 확통,28,통계|확률|경우의 수,go3/053_28.png,타원의 정의를 활용하여 추론하기,"28.두집합X={1,2,3,4,5,6},Y={1,2,3,4,5}에대하여다음조건을만족시키는X에서Y로의함수f의개수는?[4점](가)"
확통,2023년 7월 고3 확통,23,통계|확률|경우의 수,go3/037_23.png,벡터의 덧셈 계산하기,23.다항식(x^2+2)^6의전개식에서x^8의계수는?[2점]
확통,2023년 7월 고3 확통,30,통계|확률|경우의 수,go3/037_30.png,정사영을 활용하여 문제 해결하기,"30.집합X={1,2,3,4,5,6,7}에대하여다음조건을만족시키는함수f:X→X의개수를구하시오.[4점](가)f(7)-f(1)=3"
확통,2024년 5월 고3 확통,26,통계|확률|경우의 수,go3/025_26.png,중ßá열 이해하기,"26.두집합X={1,2,3,4,5},Y={1,2,3,4}에대하여다음조건을만족시키는함수_f:X→Y의개수는?[3점](가)f(1)+"
확통,2024년 5월 고3 확통,27,통계|확률|경우의 수,go3/025_27.png,같은 ç이 Ö는 á열 이해하기,"27.다음조건을만족시키는10이하의자연수a,b,C,d의모든순서쌍(a,b,C,d)의개수는?[3점](가)a×b×C×d=108(나)a"
확통,2025년 7월 고3 확통,23,통계|확률|경우의 수,go3/005_23.png,벡터의 합 계산하기,23._4∏_3의값은?[2점]
확통,2025년 7월 고3 확통,26,통계|확률|경우의 수,go3/005_26.png,쌍곡선의 성질 이해하기,"26.다항식(1+ax)(2+x)^5의전개식에서x^3의계수와x^4의계수의합이290일때,양수a의값은?[3점]"
확통,2025년 7월 고3 확통,28,통계|확률|경우의 수,go3/005_28.png,포물선의 성질을 활용하여 문제 해결하기,"28.집합X={1,2,3,4,5,6}에대하여다음조건을만족시키는함수f:X→X의개수는?[4점](가)f(1)≤f(2)≤f(3)≤f("
확통,20학년도 9월 가형,4,통계|확률|경우의 수,suneung/068_04.png,곱의 법칙을 이용하여 경,4.다음조건을만족시키는두자리의자연수의개수는?[3점](가)2의배수이다.(나)십의자리의수는6의약수이다.
확통,21학년도 수능 가형,4,통계|확률|경우의 수,suneung/060_04.png,,두사건ab에대하여일때pab의값은3점
확통,21학년도 수능 가형,22,통계|확률|경우의 수,suneung/060_22.png,,의전개식에서의계수를구하시오3점
확통,21학년도 수능 나형,13,통계|확률|경우의 수,suneung/061_13.png,,집합x에대하여다음조건을만족시키는함수fxx의개수는3점
확통,22학년도 6월 확통,23,통계|확률|경우의 수,suneung/057_23.png,두 벡터의 평행 조건을,23.다항식(2x+1)^5의전개식에서x^3의계수는?[2점]
확통,22학년도 9월 확통,28,통계|확률|경우의 수,suneung/053_28.png,조건을 만족시키는 함수,"28.집합X={1,2,3,4,5,6}에대하여다음조건을만족시키는함수f:X→X의개수는?[4점](가)f(3)+f(4)는5의배수이다."
확통,22학년도 수능 확통,23,통계|확률|경우의 수,suneung/049_23.png,,23.다항식(x+2)^7의전개식에서x^5의계수는?[2점]
확통,22학년도 수능 확통,25,통계|확률|경우의 수,suneung/049_25.png,,"25.다음조건을만족시키는자연수a,b,C,d,e의모든순서쌍(a,b,C,d,e)의개수는?[3점](가)a+b+C+d+e=12(나)|"
확통,22학년도 수능 확통,28,통계|확률|경우의 수,suneung/049_28.png,,"28.두집합X={1,2,3,4,5},Y={1,2,3,4}에대하여다음조건을만족시키는X에서Y로의함수f의개수는?[4점](가)집합X의"
확통,23학년도 9월 확통,30,통계|확률|경우의 수,suneung/041_30.png,조건을 만족시키는 함수,"30.집합X={1,2,3,4,5}와함수f:X→X에대하여함수f의치역을A,합성함수f∘f의치역을B라할때,다음조건을만족시키는함수f의개"
확통,23학년도 수능 확통,30,통계|확률|경우의 수,suneung/037_30.png,조건을 만족시키는 함수,30.집합X={x|x는10이하의자연수}에대하여다음조건을만족시키는함수f:X→X의개수를구하시오.[4점](가)9이하의모든자연수x에대
확통,24학년도 9월 확통,30,통계|확률|경우의 수,suneung/029_30.png,벡터의 내적을 이용하여,"30.다음조건을만족시키는13이하의자연수a,b,C,d의모든순서쌍(a,b,C,d)의개수를구하시오.[4점](가)a≤b≤C≤d(나)a"
확통,24학년도 수능 확통,29,통계|확률|경우의 수,suneung/025_29.png,,"29.다음조건을만족시키는6이하의자연수a,b,C,d의모든순서쌍(a,b,C,d)의개수를구하시오.[4점]a≤C≤d이고b≤C≤d이다."
확통,25학년도 수능 확통,28,통계|확률|경우의 수,suneung/013_28.png,,"28.집합X={1,2,3,4,5,6}에대하여다음조건을만족시키는함수f:X→X의개수는?[4점](가)f(1)×f(6)의값이6의약수이"
확통,26학년도 6월 확통,25,통계|확률|경우의 수,suneung/009_25.png,법선벡터를 이용하여 직,25.다항식(2x-1)^5(x+1)의전개식에서x^3의계수는?[3점]
확통,26학년도 6월 확통,30,통계|확률|경우의 수,suneung/009_30.png,벡터의 성질과 내적을,"30.집합X={1,2,3,4,5}에대하여다음조건을만족시키는함수f:X→X의개수를구하시오.[4점](가)x=1,2,3,4일때_f(x"
확통,27학년도 9월 확통,25,통계|확률|경우의 수,n2709mp/001_25.png,,425.(2x^3+x1_2)의전개식에서x^2의계수는?[3점]
확통,27학년도 9월 확통,29,통계|확률|경우의 수,n2709mp/001_29.png,,"29.다음조건을만족시키는자연수a,b,C,d의모든순서쌍(a,b,C,d)의개수를구하시오.[4점](가)a+b+C+d=142(나)10"
